name,class,math,english,science,total,average,grade
Joseph,SS1,78.0,85.0,90.0,253.0,84.33333333333333,A
Sarah,SS1,88.0,92.0,80.0,260.0,86.66666666666667,A
David,SS2,60.0,75.0,70.0,205.0,68.33333333333333,C
Mary,SS2,95.0,75.0,94.0,264.0,88.0,A
John,SS1,50.0,65.0,60.0,175.0,58.333333333333336,D
Aisha,SS3,72.0,81.0,78.0,231.0,77.0,B
Kunle,SS3,72.0,79.0,85.0,236.0,78.66666666666667,B
Chioma,SS2,90.0,75.0,89.0,254.0,84.66666666666667,A
Tunde,SS1,65.5,70.0,75.0,210.5,70.16666666666667,B
